country,model_type,order,seasonal_order,exog_set,AIC,BIC,converged,val_MAE,val_RMSE,val_sMAPE,status
Australia,Naive,,,,,,True,16.88235294117647,18.24828759089466,21.19013028279205,OK
Australia,Seasonal_Naive,,,,,,True,4.705882352941177,5.45570397678915,5.426050408222443,OK
Australia,ARIMA,"(0, 1, 1)","(0, 0, 0, 0)",,1322.0673994333217,1332.15127593045,True,6.421215793418505,7.90044896527963,7.544588327935385,OK
Australia,ARIMA,"(1, 1, 1)","(0, 0, 0, 0)",,1295.5990326916851,1309.0442013545228,True,6.180590348805428,7.938319495629521,7.249958600090213,OK
Australia,ARIMA,"(2, 1, 1)","(0, 0, 0, 0)",,1282.7729105629235,1299.5793713914707,True,5.613932208055564,7.624785427998964,6.586149394220252,OK
Australia,ARIMA,"(1, 1, 2)","(0, 0, 0, 0)",,1281.6681936590317,1298.4511250323917,True,5.889118347697644,7.81122308915779,6.903912621649126,OK
Australia,ARIMA,"(2, 1, 2)","(0, 0, 0, 0)",,1278.5476424857873,1298.6871601338194,True,5.613721939609852,7.59407930137097,6.583447133130801,OK
Australia,ARIMA,"(3, 1, 1)","(0, 0, 0, 0)",,1278.9894891532467,1299.1290068012788,True,5.563861083439459,7.559817272863049,6.526856033994026,OK
Australia,ARIMA,"(1, 1, 3)","(0, 0, 0, 0)",,1277.7622352921048,1297.8733840929613,True,5.880541368744484,7.803537546277893,6.898360033029208,OK
Australia,SARIMA,"(0, 1, 1)","(0, 0, 1, 12)",,1214.8735953041535,1228.0868149363898,True,6.078711209000219,7.38963069297003,7.143383667067088,OK
Australia,SARIMA,"(1, 1, 1)","(0, 0, 1, 12)",,1197.8719147970164,1214.3884393373119,True,5.90511460045671,7.216612100389474,6.937446828208111,OK
Australia,SARIMA,"(2, 1, 1)","(0, 0, 1, 12)",,1193.2296631797221,1213.0494926280767,True,5.602581042085862,7.105984312709627,6.590995410573332,OK
Australia,SARIMA,"(1, 1, 2)","(0, 0, 1, 12)",,1187.4923838815673,1207.2822880808556,True,5.76744218847942,7.155797958972492,6.777893113145031,OK
Australia,SARIMA,"(0, 1, 1)","(1, 0, 0, 12)",,1172.0033219333907,1185.256145849558,True,5.579014234378971,6.782629046310993,6.538758825410296,OK
Australia,SARIMA,"(1, 1, 1)","(1, 0, 0, 12)",,1160.5956183458375,1177.1369568328435,True,5.407191168102168,6.412090000463007,6.34317317628788,OK
Australia,SARIMA,"(2, 1, 1)","(1, 0, 0, 12)",,1155.0707404502361,1174.8905698985907,True,5.313543759824607,6.3581012205611955,6.23892742969657,OK
Australia,SARIMA,"(0, 1, 1)","(0, 1, 1, 12)",,1025.9642846821375,1038.9312727423762,True,5.13105844416266,6.464771209336395,6.034524498993657,OK
Australia,SARIMA,"(1, 1, 1)","(0, 1, 1, 12)",,1024.7736816834401,1040.9824167587383,True,5.027926946622023,6.328322978977088,5.912497898202851,OK
Australia,SARIMA,"(2, 1, 1)","(0, 1, 1, 12)",,1026.3866751982428,1045.8371572886008,True,5.106083885788759,6.442117509696278,6.000617188779475,OK
Australia,SARIMA,"(1, 1, 2)","(0, 1, 1, 12)",,1021.4034373646864,1040.822089141666,True,5.0440674765687294,6.376489699489916,5.930635833459719,OK
Australia,SARIMA,"(0, 1, 1)","(1, 1, 0, 12)",,1038.6277108624474,1051.636804574634,True,4.393219621156521,5.322114745983513,5.129919689793412,OK
Australia,SARIMA,"(1, 1, 1)","(1, 1, 0, 12)",,1031.4113667894696,1047.6464871502722,True,4.2846258999978595,5.077823769793293,4.991828492325575,OK
Australia,SARIMA,"(2, 1, 1)","(1, 1, 0, 12)",,1027.7384104275006,1047.1888925178584,True,4.272569736123912,5.170490663937746,4.986026237450606,OK
Australia,SARIMA,"(1, 1, 1)","(1, 0, 1, 12)",,1091.9319640015606,1111.751793449915,True,6.117978779366024,7.355111658776062,7.064378763041796,OK
Australia,SARIMA,"(1, 1, 1)","(1, 1, 1, 12)",,1014.9376556883927,1034.3881377787507,True,4.127973318309479,4.917400599319122,4.839946042885407,OK
Australia,SARIMAX,"(0, 1, 1)","(0, 0, 1, 12)",early_covid_shock+covid_period+covid_trend,1220.52080816124,1243.6439425176536,True,5.8900302271914535,7.088918625669817,6.92444509482641,OK
Australia,SARIMAX,"(1, 1, 1)","(0, 0, 1, 12)",early_covid_shock+covid_period+covid_trend,1202.8029603385219,1229.2293996029944,True,5.56694328810041,7.0308312200985235,6.535927752625772,OK
Australia,SARIMAX,"(2, 1, 1)","(0, 0, 1, 12)",early_covid_shock+covid_period+covid_trend,1198.236035075306,1227.9657792478376,True,5.3276408115013325,6.637895775462838,6.264514793869915,OK
Australia,SARIMAX,"(1, 1, 2)","(0, 0, 1, 12)",early_covid_shock+covid_period+covid_trend,1192.5489025972538,1222.2337588961861,True,5.444992900289413,6.807833624408021,6.395750464832389,OK
Australia,SARIMAX,"(0, 1, 1)","(1, 0, 0, 12)",early_covid_shock+covid_period+covid_trend,1176.8490175630463,1200.041459416339,True,5.498836372854343,6.565211825863832,6.441002417854244,OK
Australia,SARIMAX,"(1, 1, 1)","(1, 0, 0, 12)",early_covid_shock+covid_period+covid_trend,1202.1626884771658,1228.6288300563754,True,5.867811160395882,7.171655569954828,6.852322222355325,OK
Australia,SARIMAX,"(2, 1, 1)","(1, 0, 0, 12)",early_covid_shock+covid_period+covid_trend,1160.3594154288783,1190.0891596014098,True,5.215022868037723,6.092202117326878,6.117621979294854,OK
Australia,SARIMAX,"(0, 1, 1)","(0, 1, 1, 12)",early_covid_shock+covid_period+covid_trend,1029.5711250233612,1052.2633541287787,True,4.667663412643881,5.883521488901456,5.505448073291897,OK
Australia,SARIMAX,"(1, 1, 1)","(0, 1, 1, 12)",early_covid_shock+covid_period+covid_trend,1028.2411580458117,1054.175134166289,True,4.491655533452655,5.4953067767663875,5.290223299922086,OK
Australia,SARIMAX,"(2, 1, 1)","(0, 1, 1, 12)",early_covid_shock+covid_period+covid_trend,1030.2372974972232,1059.41302063276,True,4.49158513281175,5.495860665512271,5.290158924747155,OK
Australia,SARIMAX,"(1, 1, 2)","(0, 1, 1, 12)",early_covid_shock+covid_period+covid_trend,1024.9103123962054,1054.038290061675,True,4.522505448900589,5.6239738438315365,5.330625459172113,OK
Australia,SARIMAX,"(0, 1, 1)","(1, 1, 0, 12)",early_covid_shock+covid_period+covid_trend,1043.1597169831593,1065.9256309794857,True,5.448900542962936,6.918675371008347,6.340655784427223,OK
Australia,SARIMAX,"(1, 1, 1)","(1, 1, 0, 12)",early_covid_shock+covid_period+covid_trend,1036.3199095100003,1062.2961020872845,True,4.897381105002167,6.304418164929515,5.727722170631227,OK
Australia,SARIMAX,"(2, 1, 1)","(1, 1, 0, 12)",early_covid_shock+covid_period+covid_trend,1032.6687911149843,1061.8445142505211,True,5.062074544358781,6.492477243259028,5.911274003834269,OK
Australia,SARIMAX,"(1, 1, 1)","(1, 0, 1, 12)",early_covid_shock+covid_period+covid_trend,1094.1694283621414,1123.899172534673,True,4.736170764277927,6.03926324858467,5.546685433091769,OK
Australia,SARIMAX,"(1, 1, 1)","(1, 1, 1, 12)",early_covid_shock+covid_period+covid_trend,1019.0327648556496,1048.2084879911863,True,4.489747139801718,5.613201658745779,5.287738326283761,OK
Canada,Naive,,,,,,True,5.235294117647059,6.494341428369415,5.978058510304212,OK
Canada,Seasonal_Naive,,,,,,True,6.0588235294117645,7.31235859591788,6.805560803215776,OK
Canada,ARIMA,"(0, 1, 1)","(0, 0, 0, 0)",,1221.2146941353794,1231.2985706325078,True,6.821743336434092,8.013072705516107,7.716047362717646,OK
Canada,ARIMA,"(1, 1, 1)","(0, 0, 0, 0)",,1207.2218590801883,1220.667027743026,True,7.72678310592824,9.24606498440111,8.67367668682654,OK
Canada,ARIMA,"(2, 1, 1)","(0, 0, 0, 0)",,1227.4293710729767,1244.2358319015239,True,6.404768821253145,7.45393387912784,7.267496396692007,OK
Canada,ARIMA,"(1, 1, 2)","(0, 0, 0, 0)",,1204.2539652957862,1221.0368966691462,True,7.762714141041319,9.279549222066786,8.711554907261204,OK
Canada,ARIMA,"(2, 1, 2)","(0, 0, 0, 0)",,1182.9331024510811,1203.0726200991132,True,7.889668320959639,9.50547592601272,8.844679021509505,OK
Canada,ARIMA,"(3, 1, 1)","(0, 0, 0, 0)",,1195.380940343266,1215.5204579912981,True,7.5955511220573495,9.104738217837202,8.537744273294448,OK
Canada,ARIMA,"(1, 1, 3)","(0, 0, 0, 0)",,1191.0297686481406,1211.140917448997,True,7.634591577117071,9.210278613254365,8.572981470561544,OK
Canada,SARIMA,"(0, 1, 1)","(0, 0, 1, 12)",,1083.0793489014743,1096.2925685337107,True,6.63685719499806,8.034565981542686,7.508359544280873,OK
Canada,SARIMA,"(1, 1, 1)","(0, 0, 1, 12)",,1083.706102698131,1100.2226272384264,True,5.878435785357447,7.229150047217429,6.682545036095069,OK
Canada,SARIMA,"(2, 1, 1)","(0, 0, 1, 12)",,1178.0655874440217,1197.8854168923763,True,11.815860188075936,14.661373192072064,14.4890490270393,OK
Canada,SARIMA,"(1, 1, 2)","(0, 0, 1, 12)",,1073.8005127227636,1093.5904169220519,True,6.531323980391272,8.306227259976824,7.388019047263988,OK
Canada,SARIMA,"(0, 1, 1)","(1, 0, 0, 12)",,1013.3262898593919,1026.579113775559,True,7.77441533587445,9.062827019864727,8.67738256804625,OK
Canada,SARIMA,"(1, 1, 1)","(1, 0, 0, 12)",,1010.7257180498102,1027.2670565368162,True,7.755043269493609,9.040139571639626,8.65707775382814,OK
Canada,SARIMA,"(2, 1, 1)","(1, 0, 0, 12)",,1007.8284808430327,1027.6483102913871,True,7.488551116742061,8.712445655518602,8.375641483591572,OK
Canada,SARIMA,"(0, 1, 1)","(0, 1, 1, 12)",,905.8348409726588,918.8018290328973,True,7.810017939760157,8.931347510123922,8.671414036924938,OK
Canada,SARIMA,"(1, 1, 1)","(0, 1, 1, 12)",,907.8319312720762,924.0406663473744,True,7.83962566427655,8.969117284214555,8.702480154494834,OK
Canada,SARIMA,"(2, 1, 1)","(0, 1, 1, 12)",,906.0098044435196,925.4602865338774,True,8.3293054567843,9.502205527920191,9.21396802302055,OK
Canada,SARIMA,"(1, 1, 2)","(0, 1, 1, 12)",,904.8281177391383,924.246769516118,True,7.640723668608935,8.71276468114247,8.493343686747929,OK
Canada,SARIMA,"(0, 1, 1)","(1, 1, 0, 12)",,926.7090262928978,939.7181200050843,True,8.112760381726483,9.157104584579596,8.990152581711138,OK
Canada,SARIMA,"(1, 1, 1)","(1, 1, 0, 12)",,923.4362736989151,939.6713940597175,True,8.3125364288019,9.358431185749698,9.197124863819257,OK
Canada,SARIMA,"(2, 1, 1)","(1, 1, 0, 12)",,918.7882033554799,938.2386854458377,True,8.334388954528366,9.391126005540015,9.220959067560743,OK
Canada,SARIMA,"(1, 1, 1)","(1, 0, 1, 12)",,965.4980743494284,985.3179037977828,True,7.744928932968689,8.861147761649573,8.599394317016989,OK
Canada,SARIMA,"(1, 1, 1)","(1, 1, 1, 12)",,911.7666573209289,931.2171394112867,True,7.7663328815953525,8.775823103651195,8.623862214753126,OK
Canada,SARIMAX,"(0, 1, 1)","(0, 0, 1, 12)",early_covid_shock+covid_period+covid_trend,1078.9825452766872,1102.1056796331009,True,7.147500584612352,8.410863922858852,8.05265518513885,OK
Canada,SARIMAX,"(1, 1, 1)","(0, 0, 1, 12)",early_covid_shock+covid_period+covid_trend,1078.3343793783154,1104.7608186427879,True,6.5958116728861,7.6554160327972465,7.461446855258515,OK
Canada,SARIMAX,"(2, 1, 1)","(0, 0, 1, 12)",early_covid_shock+covid_period+covid_trend,1082.8109873325789,1112.5407315051104,True,6.6583869051175695,7.769658187698131,7.528736808994932,OK
Canada,SARIMAX,"(1, 1, 2)","(0, 0, 1, 12)",early_covid_shock+covid_period+covid_trend,1069.4696863965357,1099.154542695468,True,7.059102499546768,8.671006054097235,7.951672201765475,OK
Canada,SARIMAX,"(0, 1, 1)","(1, 0, 0, 12)",early_covid_shock+covid_period+covid_trend,1000.935347576913,1024.1277894302057,True,8.091466069336908,9.450383100770757,9.006354696201095,OK
Canada,SARIMAX,"(1, 1, 1)","(1, 0, 0, 12)",early_covid_shock+covid_period+covid_trend,997.9433655781086,1024.409507157318,True,7.701069028303207,8.968587732607578,8.596268513482753,OK
Canada,SARIMAX,"(2, 1, 1)","(1, 0, 0, 12)",early_covid_shock+covid_period+covid_trend,993.8592209199469,1023.5889650924786,True,7.824244507273869,9.114273652778133,8.72544555095625,OK
Canada,SARIMAX,"(0, 1, 1)","(0, 1, 1, 12)",early_covid_shock+covid_period+covid_trend,893.8071019581948,916.4993310636123,True,8.045396741986057,9.294961644126085,8.925407165847794,OK
Canada,SARIMAX,"(1, 1, 1)","(0, 1, 1, 12)",early_covid_shock+covid_period+covid_trend,895.163139845791,921.0971159662681,True,7.710637792257607,8.97929903767736,8.576879202322825,OK
Canada,SARIMAX,"(2, 1, 1)","(0, 1, 1, 12)",early_covid_shock+covid_period+covid_trend,897.1963405689171,926.3720637044539,True,7.636849059014527,8.902551591899535,8.50011989670475,OK
Canada,SARIMAX,"(1, 1, 2)","(0, 1, 1, 12)",early_covid_shock+covid_period+covid_trend,891.5123932479676,920.6403709134371,True,7.863350000516154,9.118526714763457,8.736375022865941,OK
Canada,SARIMAX,"(0, 1, 1)","(1, 1, 0, 12)",early_covid_shock+covid_period+covid_trend,915.8841222661813,938.6500362625077,True,8.471630564976037,9.768181183135784,9.372162081203248,OK
Canada,SARIMAX,"(1, 1, 1)","(1, 1, 0, 12)",early_covid_shock+covid_period+covid_trend,913.7423410101719,939.7185335874558,True,8.50994099784439,9.801492900565295,9.411756621841587,OK
Canada,SARIMAX,"(2, 1, 1)","(1, 1, 0, 12)",early_covid_shock+covid_period+covid_trend,913.512974269745,942.6886974052818,True,8.299345763760721,9.61390433922521,9.194637370779168,OK
Canada,SARIMAX,"(1, 1, 1)","(1, 0, 1, 12)",early_covid_shock+covid_period+covid_trend,952.2093337268723,981.939077899404,True,7.870178509470525,9.12508949396328,8.735635544299248,OK
Canada,SARIMAX,"(1, 1, 1)","(1, 1, 1, 12)",early_covid_shock+covid_period+covid_trend,900.6499173988655,929.8256405344023,True,7.788922895830604,9.072195205948313,8.66117256851276,OK
Ireland,Naive,,,,,,True,4.529411764705882,5.504009233918382,5.660042175716518,OK
Ireland,Seasonal_Naive,,,,,,True,7.176470588235294,8.380649981812095,8.59900488436038,OK
Ireland,ARIMA,"(0, 1, 1)","(0, 0, 0, 0)",,1269.0716813459892,1279.1555578431175,True,5.4784556500738555,6.5118402432486,6.769905638427236,OK
Ireland,ARIMA,"(1, 1, 1)","(0, 0, 0, 0)",,1259.8650102849551,1273.3101789477928,True,7.736392481755197,8.579397467076175,9.388099438723,OK
Ireland,ARIMA,"(2, 1, 1)","(0, 0, 0, 0)",,1261.8641088793943,1278.6705697079415,True,7.737144054766966,8.580185513948505,9.388956652397182,OK
Ireland,ARIMA,"(1, 1, 2)","(0, 0, 0, 0)",,1256.779801653591,1273.562733026951,True,7.8050837574675676,8.643516603458524,9.466152979329594,OK
Ireland,ARIMA,"(2, 1, 2)","(0, 0, 0, 0)",,1258.7285137562726,1278.8680314043047,True,7.751366785101127,8.588856401519177,9.405278918249087,OK
Ireland,ARIMA,"(3, 1, 1)","(0, 0, 0, 0)",,1256.1815984594073,1276.3211161074394,True,7.948740885740994,8.767889901240283,9.637308951885455,OK
Ireland,ARIMA,"(1, 1, 3)","(0, 0, 0, 0)",,1251.8464046991971,1271.9575535000536,True,7.863923763039208,8.675934918060273,9.538606316069854,OK
Ireland,SARIMA,"(0, 1, 1)","(0, 0, 1, 12)",,1181.4822326833735,1194.6954523156098,True,5.839405411555247,6.888141768029031,7.1847739592213795,OK
Ireland,SARIMA,"(1, 1, 1)","(0, 0, 1, 12)",,1175.0802901843226,1191.596814724618,True,7.897551656161118,8.850522243741729,9.556836847543318,OK
Ireland,SARIMA,"(2, 1, 1)","(0, 0, 1, 12)",,1177.034071339043,1196.8539007873976,True,7.884096817166375,8.833392292146176,9.541530694157494,OK
Ireland,SARIMA,"(1, 1, 2)","(0, 0, 1, 12)",,1172.8142673234415,1192.6041715227298,True,7.733572989223399,8.702254331193743,9.370316588543163,OK
Ireland,SARIMA,"(0, 1, 1)","(1, 0, 0, 12)",,1185.757424251895,1199.0102481680622,True,6.580656900879183,7.540000463711914,8.039437546314693,OK
Ireland,SARIMA,"(1, 1, 1)","(1, 0, 0, 12)",,1175.7458781945231,1192.2872166815291,True,8.21423362031679,9.127138455080878,9.906286443546893,OK
Ireland,SARIMA,"(2, 1, 1)","(1, 0, 0, 12)",,1171.2398358982891,1191.0596653466437,True,8.192739230540377,9.104662638843045,9.882163390946568,OK
Ireland,SARIMA,"(0, 1, 1)","(0, 1, 1, 12)",,1092.0661701161566,1105.033158176395,True,7.278643398006178,8.078240358066008,8.795051491604292,OK
Ireland,SARIMA,"(1, 1, 1)","(0, 1, 1, 12)",,1093.379660638377,1109.588395713675,True,8.427746635106958,9.267709848996523,10.09638155735308,OK
Ireland,SARIMA,"(2, 1, 1)","(0, 1, 1, 12)",,1096.917733069211,1116.3682151595688,True,5.760726251716217,6.511772608587093,7.042790344154497,OK
Ireland,SARIMA,"(1, 1, 2)","(0, 1, 1, 12)",,1086.3330871163284,1105.7517388933081,True,8.52675262332439,9.38592380649958,10.207587575260895,OK
Ireland,SARIMA,"(0, 1, 1)","(1, 1, 0, 12)",,1144.1767937656264,1157.185887477813,True,8.103991704243413,8.832983606901582,9.710392225988295,OK
Ireland,SARIMA,"(1, 1, 1)","(1, 1, 0, 12)",,1138.87504858162,1155.1101689424224,True,8.939992234067647,9.64018833061314,10.64838760179571,OK
Ireland,SARIMA,"(2, 1, 1)","(1, 1, 0, 12)",,1137.2652713194236,1156.7157534097814,True,5.995029274196687,6.861018782882054,7.307984770503445,OK
Ireland,SARIMA,"(1, 1, 1)","(1, 0, 1, 12)",,1162.0962724481842,1181.9161018965387,True,8.133550571195366,8.958808712087357,9.806933769006939,OK
Ireland,SARIMA,"(1, 1, 1)","(1, 1, 1, 12)",,1095.3743686567977,1114.8248507471556,True,8.418612971737227,9.258324958675523,10.08627354685817,OK
Ireland,SARIMAX,"(0, 1, 1)","(0, 0, 1, 12)",early_covid_shock+covid_period+covid_trend,1182.209691669158,1205.3328260255716,True,5.452944419032803,6.495226212894205,6.72962838627867,OK
Ireland,SARIMAX,"(1, 1, 1)","(0, 0, 1, 12)",early_covid_shock+covid_period+covid_trend,1175.9955306838365,1202.4219699483092,True,6.828191642714579,7.8646500065305895,8.332704978886454,OK
Ireland,SARIMAX,"(2, 1, 1)","(0, 0, 1, 12)",early_covid_shock+covid_period+covid_trend,1177.9355537771057,1207.6652979496373,True,6.751567712906702,7.7934476522667735,8.244271838745215,OK
Ireland,SARIMAX,"(1, 1, 2)","(0, 0, 1, 12)",early_covid_shock+covid_period+covid_trend,1173.7565824864098,1203.4414387853421,True,6.832006981232288,7.869632855622817,8.33677915028538,OK
Ireland,SARIMAX,"(0, 1, 1)","(1, 0, 0, 12)",early_covid_shock+covid_period+covid_trend,1186.0452640840408,1209.2377059373334,True,6.814730792338281,7.780090508570954,8.306700517316479,OK
Ireland,SARIMAX,"(1, 1, 1)","(1, 0, 0, 12)",early_covid_shock+covid_period+covid_trend,1176.269000415698,1202.7351419949075,True,7.938919209459447,8.870073787822673,9.593434081505544,OK
Ireland,SARIMAX,"(2, 1, 1)","(1, 0, 0, 12)",early_covid_shock+covid_period+covid_trend,1171.761848924034,1201.4915930965656,True,7.915764894630638,8.846374083632247,9.567321579647144,OK
Ireland,SARIMAX,"(0, 1, 1)","(0, 1, 1, 12)",early_covid_shock+covid_period+covid_trend,1093.1018466376004,1115.7940757430179,True,6.071080616603217,6.951496882741344,7.414705130637524,OK
Ireland,SARIMAX,"(1, 1, 1)","(0, 1, 1, 12)",early_covid_shock+covid_period+covid_trend,1094.6045493619467,1120.538525482424,True,7.316676812133875,8.220698269370121,8.847940198525936,OK
Ireland,SARIMAX,"(2, 1, 1)","(0, 1, 1, 12)",early_covid_shock+covid_period+covid_trend,1097.116301257438,1126.2920243929748,True,4.723643614493925,5.698781257673986,5.831459348283761,OK
Ireland,SARIMAX,"(1, 1, 2)","(0, 1, 1, 12)",early_covid_shock+covid_period+covid_trend,1086.952502922429,1116.0804805878986,True,7.250746768371124,8.12697673933995,8.773372926680056,OK
Ireland,SARIMAX,"(0, 1, 1)","(1, 1, 0, 12)",early_covid_shock+covid_period+covid_trend,1145.3153689094788,1168.0812829058052,True,8.855794660318283,9.713268946126234,10.558577746668506,OK
Ireland,SARIMAX,"(1, 1, 1)","(1, 1, 0, 12)",early_covid_shock+covid_period+covid_trend,1139.809847022776,1165.78603960006,True,9.902128783791277,10.72601656962774,11.718637780020586,OK
Ireland,SARIMAX,"(2, 1, 1)","(1, 1, 0, 12)",early_covid_shock+covid_period+covid_trend,1137.8562941755354,1167.0320173110722,True,7.201329602654161,8.186299122606261,8.696265876817627,OK
Ireland,SARIMAX,"(1, 1, 1)","(1, 0, 1, 12)",early_covid_shock+covid_period+covid_trend,1163.7087430390168,1193.4384872115484,True,7.544433760942043,8.424141469302665,9.142837436178288,OK
Ireland,SARIMAX,"(1, 1, 1)","(1, 1, 1, 12)",early_covid_shock+covid_period+covid_trend,1096.6097574232308,1125.7854805587676,True,7.4726521582573335,8.374419815312638,9.024778778509125,OK
New_Zealand,Naive,,,,,,True,14.470588235294118,15.35079994083466,17.503761620768337,OK
New_Zealand,Seasonal_Naive,,,,,,True,5.117647058823529,6.439766163091181,5.837831895779522,OK
New_Zealand,ARIMA,"(0, 1, 1)","(0, 0, 0, 0)",,1329.9395965175622,1340.0234730146906,True,8.514137434794907,9.44511967838474,9.95498304007582,OK
New_Zealand,ARIMA,"(1, 1, 1)","(0, 0, 0, 0)",,1317.5682752943876,1331.0134439572253,True,5.332474569511723,7.998487474156568,6.211246259889069,OK
New_Zealand,ARIMA,"(2, 1, 1)","(0, 0, 0, 0)",,1319.5669032506821,1336.3733640792293,True,5.3321846718189665,7.998291475720029,6.210913280798228,OK
New_Zealand,ARIMA,"(1, 1, 2)","(0, 0, 0, 0)",,1318.2763690757952,1335.0593004491552,True,5.269244110781403,7.940968357325356,6.139354711996287,OK
New_Zealand,ARIMA,"(2, 1, 2)","(0, 0, 0, 0)",,1320.2659473495653,1340.4054649975974,True,5.294162844469802,7.939705895288829,6.168252854166037,OK
New_Zealand,ARIMA,"(3, 1, 1)","(0, 0, 0, 0)",,1312.8643537231433,1333.0038713711754,True,5.21820770797749,8.083904752331929,6.078982379140138,OK
New_Zealand,ARIMA,"(1, 1, 3)","(0, 0, 0, 0)",,1305.3076574927454,1325.4188062936018,True,5.229758567653941,8.034261435362339,6.093845951358168,OK
New_Zealand,SARIMA,"(0, 1, 1)","(0, 0, 1, 12)",,1225.0798287573716,1238.293048389608,True,6.13051135502314,7.446680371303093,7.126043561802158,OK
New_Zealand,SARIMA,"(1, 1, 1)","(0, 0, 1, 12)",,1216.5940743648825,1233.110598905178,True,4.71601265166024,7.1597320821690555,5.51378809010554,OK
New_Zealand,SARIMA,"(2, 1, 1)","(0, 0, 1, 12)",,1218.1957373622372,1238.0155668105917,True,4.642257631004539,7.136301807035183,5.432828804423476,OK
New_Zealand,SARIMA,"(1, 1, 2)","(0, 0, 1, 12)",,1214.8205558031968,1234.610460002485,True,4.65094349330741,7.0727528568774884,5.441578407043851,OK
New_Zealand,SARIMA,"(0, 1, 1)","(1, 0, 0, 12)",,1227.327153382368,1240.5799772985351,True,4.799925316900664,6.229308845410753,5.595347245182669,OK
New_Zealand,SARIMA,"(1, 1, 1)","(1, 0, 0, 12)",,1215.7611101316033,1232.3024486186093,True,4.828545312073598,7.0023488513151415,5.6292106871411995,OK
New_Zealand,SARIMA,"(2, 1, 1)","(1, 0, 0, 12)",,1211.1494944639965,1230.969323912351,True,4.773295813113433,6.984712792725035,5.570717183947718,OK
New_Zealand,SARIMA,"(0, 1, 1)","(0, 1, 1, 12)",,1136.5124505135077,1149.4794385737462,True,4.916240953043559,6.516384359121678,5.670538237583368,OK
New_Zealand,SARIMA,"(1, 1, 1)","(0, 1, 1, 12)",,1137.5450017091002,1153.7537367843984,True,5.414100742276548,7.0016660890578475,6.2043770340600535,OK
New_Zealand,SARIMA,"(2, 1, 1)","(0, 1, 1, 12)",,1136.9519689390108,1156.4024510293686,True,5.904636824010979,7.461355004601418,6.725288059734703,OK
New_Zealand,SARIMA,"(1, 1, 2)","(0, 1, 1, 12)",,1132.3834350932088,1151.8020868701885,True,5.379677105124334,7.004908209913632,6.171935961979844,OK
New_Zealand,SARIMA,"(0, 1, 1)","(1, 1, 0, 12)",,1184.788049917804,1197.7971436299906,True,5.07307106892816,6.511544527246453,5.772530840127184,OK
New_Zealand,SARIMA,"(1, 1, 1)","(1, 1, 0, 12)",,1179.7910923464058,1196.0262127072083,True,5.320099845243969,6.758849313865347,6.03235013143745,OK
New_Zealand,SARIMA,"(2, 1, 1)","(1, 1, 0, 12)",,1168.6145385181758,1188.0650206085336,True,5.667531489701268,7.108194482450189,6.398397123616445,OK
New_Zealand,SARIMA,"(1, 1, 1)","(1, 0, 1, 12)",,1210.9051621841074,1230.724991632462,True,4.846085521930302,6.9644730724641954,5.648606186250798,OK
New_Zealand,SARIMA,"(1, 1, 1)","(1, 1, 1, 12)",,1131.2120977616094,1150.6625798519672,True,5.232020645607384,6.8478005164020805,6.012534700050629,OK
New_Zealand,SARIMAX,"(0, 1, 1)","(0, 0, 1, 12)",early_covid_shock+covid_period+covid_trend,1230.920571230189,1254.0437055866025,True,6.053311262566376,7.386170126019774,7.036760098866996,OK
New_Zealand,SARIMAX,"(1, 1, 1)","(0, 0, 1, 12)",early_covid_shock+covid_period+covid_trend,1222.3284530168162,1248.754892281289,True,4.683756418557498,6.755901240553372,5.474199541781104,OK
New_Zealand,SARIMAX,"(2, 1, 1)","(0, 0, 1, 12)",early_covid_shock+covid_period+covid_trend,1223.8915626185153,1253.621306791047,True,4.7308762414371515,6.740111124486877,5.526573658931715,OK
New_Zealand,SARIMAX,"(1, 1, 2)","(0, 0, 1, 12)",early_covid_shock+covid_period+covid_trend,1220.6015156807155,1250.2863719796478,True,4.685954555548529,6.737638994262281,5.476150692754538,OK
New_Zealand,SARIMAX,"(0, 1, 1)","(1, 0, 0, 12)",early_covid_shock+covid_period+covid_trend,1232.9715011369813,1256.1639429902739,True,4.556761620590383,6.195784333604873,5.324247681610827,OK
New_Zealand,SARIMAX,"(1, 1, 1)","(1, 0, 0, 12)",early_covid_shock+covid_period+covid_trend,1221.5593543195878,1248.0254958987973,True,4.5778226666238675,6.683818080639446,5.353223738876597,OK
New_Zealand,SARIMAX,"(2, 1, 1)","(1, 0, 0, 12)",early_covid_shock+covid_period+covid_trend,1216.879814523625,1246.6095586961567,True,4.419625440479514,6.550553986283305,5.1796820730885695,OK
New_Zealand,SARIMAX,"(0, 1, 1)","(0, 1, 1, 12)",early_covid_shock+covid_period+covid_trend,1141.009073105423,1163.7013022108406,True,4.897969897883844,6.472637791129043,5.643831461677837,OK
New_Zealand,SARIMAX,"(1, 1, 1)","(0, 1, 1, 12)",early_covid_shock+covid_period+covid_trend,1141.7213229863326,1167.6552991068097,True,5.133374836169984,6.693086690994223,5.898361441517849,OK
New_Zealand,SARIMAX,"(2, 1, 1)","(0, 1, 1, 12)",early_covid_shock+covid_period+covid_trend,1140.6144665795923,1169.7901897151291,True,5.189743439241204,6.741039763958585,5.960405774447344,OK
New_Zealand,SARIMAX,"(1, 1, 2)","(0, 1, 1, 12)",early_covid_shock+covid_period+covid_trend,1136.584791932048,1165.7127695975175,True,5.029680225733229,6.599356735809686,5.791096901756453,OK
New_Zealand,SARIMAX,"(0, 1, 1)","(1, 1, 0, 12)",early_covid_shock+covid_period+covid_trend,1188.8038855958202,1211.5697995921466,True,6.454084818105977,8.003234724500375,7.208386458050297,OK
New_Zealand,SARIMAX,"(1, 1, 1)","(1, 1, 0, 12)",early_covid_shock+covid_period+covid_trend,1183.9977700502704,1209.9739626275543,True,6.5679773384373545,8.137627070050764,7.324890722823599,OK
New_Zealand,SARIMAX,"(2, 1, 1)","(1, 1, 0, 12)",early_covid_shock+covid_period+covid_trend,1172.7800428704131,1201.95576600595,True,7.651623967595151,9.191456393193164,8.445382019629587,OK
New_Zealand,SARIMAX,"(1, 1, 1)","(1, 0, 1, 12)",early_covid_shock+covid_period+covid_trend,1216.5852267413843,1246.3149709139159,True,4.504523283239092,6.610410289458881,5.271744343262721,OK
New_Zealand,SARIMAX,"(1, 1, 1)","(1, 1, 1, 12)",early_covid_shock+covid_period+covid_trend,1135.2667292383526,1164.4424523738894,True,4.954707183074781,6.517688974586707,5.707066042650634,OK
UK,Naive,,,,,,True,5.9411764705882355,7.033533126053656,6.857572619295066,OK
UK,Seasonal_Naive,,,,,,True,6.470588235294118,7.276068751089989,7.28925543082443,OK
UK,ARIMA,"(0, 1, 1)","(0, 0, 0, 0)",,1178.3413422855251,1188.4252187826535,True,7.427830182794058,8.670836333509795,8.381961689120384,OK
UK,ARIMA,"(1, 1, 1)","(0, 0, 0, 0)",,1174.6401373469166,1188.0853060097543,True,7.731493606633512,8.99192750544589,8.70734238897057,OK
UK,ARIMA,"(2, 1, 1)","(0, 0, 0, 0)",,1176.632055523742,1193.4385163522893,True,7.733004487003577,8.993891298941097,8.708922483941496,OK
UK,ARIMA,"(1, 1, 2)","(0, 0, 0, 0)",,1172.0299185233348,1188.8128498966948,True,7.740496858848801,9.007806337108972,8.716725404326297,OK
UK,ARIMA,"(2, 1, 2)","(0, 0, 0, 0)",,1161.3764816925952,1181.5159993406273,True,7.814443721266912,9.138277264935486,8.778735966590025,OK
UK,ARIMA,"(3, 1, 1)","(0, 0, 0, 0)",,1163.5894307432,1183.728948391232,True,7.43305913844592,8.69043127445549,8.390653595394705,OK
UK,ARIMA,"(1, 1, 3)","(0, 0, 0, 0)",,1165.6129525366932,1185.7241013375497,True,7.8200683168281175,9.112900570503498,8.801891303823828,OK
UK,SARIMA,"(0, 1, 1)","(0, 0, 1, 12)",,1078.5966375990283,1091.8098572312647,True,7.964496092973629,9.035333548384255,8.944019565324425,OK
UK,SARIMA,"(1, 1, 1)","(0, 0, 1, 12)",,1077.8425664549325,1094.359090995228,True,8.3565980621523,9.44478242124206,9.35768500069576,OK
UK,SARIMA,"(2, 1, 1)","(0, 0, 1, 12)",,1079.7450703577758,1099.5648998061304,True,8.4057032000171,9.486390940347672,9.40912999175676,OK
UK,SARIMA,"(1, 1, 2)","(0, 0, 1, 12)",,1075.3884770031036,1095.1783812023918,True,8.361812527121655,9.449324808505388,9.363174024356812,OK
UK,SARIMA,"(0, 1, 1)","(1, 0, 0, 12)",,1049.2920304579516,1062.5448543741188,True,9.27583140113106,10.149706340134694,10.284157505152852,OK
UK,SARIMA,"(1, 1, 1)","(1, 0, 0, 12)",,1045.9255480255138,1062.4668865125197,True,9.489825181288332,10.359091291228054,10.506039910938531,OK
UK,SARIMA,"(2, 1, 1)","(1, 0, 0, 12)",,1042.5921856085067,1062.4120150568613,True,9.825376110622521,10.698834707148576,10.84875600658578,OK
UK,SARIMA,"(0, 1, 1)","(0, 1, 1, 12)",,964.6331706255071,977.6001586857457,True,10.79334075645772,11.66049322329501,11.784445681982126,OK
UK,SARIMA,"(1, 1, 1)","(0, 1, 1, 12)",,966.3827721924232,982.5915072677215,True,10.887458847380557,11.756495857007625,11.879467582556881,OK
UK,SARIMA,"(2, 1, 1)","(0, 1, 1, 12)",,968.3824130118699,987.8328951022277,True,10.888142682173873,11.757216445783685,11.880155368428817,OK
UK,SARIMA,"(1, 1, 2)","(0, 1, 1, 12)",,964.1891654772292,983.6078172542088,True,10.912163992301885,11.782397291586616,11.90420471672962,OK
UK,SARIMA,"(0, 1, 1)","(1, 1, 0, 12)",,987.3701776566286,1000.3792713688151,True,10.753077741034346,11.564146889081343,11.734242557723354,OK
UK,SARIMA,"(1, 1, 1)","(1, 1, 0, 12)",,984.7075754320592,1000.9426957928616,True,10.741800589050952,11.553665842759148,11.722843222007626,OK
UK,SARIMA,"(2, 1, 1)","(1, 1, 0, 12)",,982.327685562121,1001.7781676524788,True,10.750915381138508,11.563952046295151,11.731954900084059,OK
UK,SARIMA,"(1, 1, 1)","(1, 0, 1, 12)",,1021.3554797146564,1041.175309163011,True,10.262768859477509,11.10813177426114,11.265912836579423,OK
UK,SARIMA,"(1, 1, 1)","(1, 1, 1, 12)",,968.3827726427307,987.8332547330886,True,10.887928874541217,11.757004417618862,11.87994208152363,OK
UK,SARIMAX,"(0, 1, 1)","(0, 0, 1, 12)",early_covid_shock+covid_period+covid_trend,1070.279294391775,1093.4024287481886,True,7.40925717247387,8.439868657922306,8.355377958827432,OK
UK,SARIMAX,"(1, 1, 1)","(0, 0, 1, 12)",early_covid_shock+covid_period+covid_trend,1069.0968140782547,1095.5232533427275,True,7.189976091323463,8.218543698633681,8.124565907400388,OK
UK,SARIMAX,"(2, 1, 1)","(0, 0, 1, 12)",early_covid_shock+covid_period+covid_trend,1070.562027014499,1100.2917711870307,True,7.1406833955348015,8.159800811774854,8.071852888482509,OK
UK,SARIMAX,"(1, 1, 2)","(0, 0, 1, 12)",early_covid_shock+covid_period+covid_trend,1066.6131224595258,1096.2979787584582,True,7.17277467197789,8.199230998727819,8.106251483031302,OK
UK,SARIMAX,"(0, 1, 1)","(1, 0, 0, 12)",early_covid_shock+covid_period+covid_trend,1033.9193389282045,1057.1117807814971,True,9.268687791205052,10.090378758764393,10.271361703298005,OK
UK,SARIMAX,"(1, 1, 1)","(1, 0, 0, 12)",early_covid_shock+covid_period+covid_trend,1030.7565999702806,1057.2227415494904,True,9.099474386016713,9.939102151016982,10.099584143838966,OK
UK,SARIMAX,"(2, 1, 1)","(1, 0, 0, 12)",early_covid_shock+covid_period+covid_trend,1025.9721732594737,1055.7019174320053,True,8.799680032105508,9.624116817762628,9.78895824318267,OK
UK,SARIMAX,"(0, 1, 1)","(0, 1, 1, 12)",early_covid_shock+covid_period+covid_trend,958.3594507073237,981.0516798127412,True,9.959884524021932,10.737990277521277,10.93868259966222,OK
UK,SARIMAX,"(1, 1, 1)","(0, 1, 1, 12)",early_covid_shock+covid_period+covid_trend,959.9827698041256,985.9167459246028,True,9.951217351058615,10.729444529998435,10.92982654689447,OK
UK,SARIMAX,"(2, 1, 1)","(0, 1, 1, 12)",early_covid_shock+covid_period+covid_trend,961.7239884297361,990.8997115652729,True,9.953100705894997,10.731458407231724,10.931052121721496,OK
UK,SARIMAX,"(1, 1, 2)","(0, 1, 1, 12)",early_covid_shock+covid_period+covid_trend,957.7003898033785,986.828367468848,True,10.032498015885256,10.807799057031856,11.0121582338773,OK
UK,SARIMAX,"(0, 1, 1)","(1, 1, 0, 12)",early_covid_shock+covid_period+covid_trend,981.7792613183617,1004.5451753146881,True,10.597869281561866,11.342308718620762,11.577823653742938,OK
UK,SARIMAX,"(1, 1, 1)","(1, 1, 0, 12)",early_covid_shock+covid_period+covid_trend,979.2973466303629,1005.2735392076468,True,10.59868337988818,11.343557923426975,11.578718986996176,OK
UK,SARIMAX,"(2, 1, 1)","(1, 1, 0, 12)",early_covid_shock+covid_period+covid_trend,976.6814382037223,1005.8571613392592,True,10.551026150903505,11.297807925094869,11.529831347565423,OK
UK,SARIMAX,"(1, 1, 1)","(1, 0, 1, 12)",early_covid_shock+covid_period+covid_trend,1013.2430685376767,1042.9728127102082,True,9.555706477107726,10.35168080897757,10.545552548595632,OK
UK,SARIMAX,"(1, 1, 1)","(1, 1, 1, 12)",early_covid_shock+covid_period+covid_trend,961.9830829776306,991.1588061131674,True,9.929417751907394,10.707237995142705,10.907665861773967,OK
US,Naive,,,,,,True,9.176470588235293,10.54402535032211,10.802993489113744,OK
US,Seasonal_Naive,,,,,,True,5.294117647058823,5.718905695405475,6.071473604742328,OK
US,ARIMA,"(0, 1, 1)","(0, 0, 0, 0)",,1082.0660272910009,1092.1499037881292,True,4.881880626380371,5.681337749354235,5.6104340886220285,OK
US,ARIMA,"(1, 1, 1)","(0, 0, 0, 0)",,1078.8717074471554,1092.316876109993,True,4.959225019317765,5.738830567694978,5.701986650458048,OK
US,ARIMA,"(2, 1, 1)","(0, 0, 0, 0)",,1080.867904882271,1097.6743657108182,True,4.959001003147739,5.738613599535151,5.701727009024796,OK
US,ARIMA,"(1, 1, 2)","(0, 0, 0, 0)",,1077.1653987081872,1093.9483300815473,True,4.946727257650217,5.72432215218905,5.687412528358588,OK
US,ARIMA,"(2, 1, 2)","(0, 0, 0, 0)",,1073.967323159804,1094.106840807836,True,4.781667291266306,5.577693584722113,5.497890299248179,OK
US,ARIMA,"(3, 1, 1)","(0, 0, 0, 0)",,1066.669876881565,1086.809394529597,True,4.677998503102004,5.43918528847651,5.378551833821424,OK
US,ARIMA,"(1, 1, 3)","(0, 0, 0, 0)",,1071.7009067064496,1091.812055507306,True,4.960110336913804,5.760870721166556,5.703244260123906,OK
US,SARIMA,"(0, 1, 1)","(0, 0, 1, 12)",,988.7841401163345,1001.9973597485707,True,4.604789487409324,5.347850703236278,5.285631549406709,OK
US,SARIMA,"(1, 1, 1)","(0, 0, 1, 12)",,989.6407712451806,1006.157295785476,True,4.658586246440104,5.370740881564067,5.348083975959722,OK
US,SARIMA,"(2, 1, 1)","(0, 0, 1, 12)",,991.6207110426647,1011.4405404910191,True,4.665917472362452,5.376739786651342,5.356388321861618,OK
US,SARIMA,"(1, 1, 2)","(0, 0, 1, 12)",,987.2625441705909,1007.0524483698791,True,4.6613537631020865,5.371156448554741,5.35124198589718,OK
US,SARIMA,"(0, 1, 1)","(1, 0, 0, 12)",,970.1425648523741,983.3953887685412,True,4.131953056614192,4.964439876313687,4.74756986492799,OK
US,SARIMA,"(1, 1, 1)","(1, 0, 0, 12)",,967.8796359720205,984.4209744590265,True,4.110232471130944,4.960965352047985,4.722617261337557,OK
US,SARIMA,"(2, 1, 1)","(1, 0, 0, 12)",,964.2012202667847,984.0210497151392,True,4.1457703592901245,4.983631733890564,4.7617562288732,OK
US,SARIMA,"(0, 1, 1)","(0, 1, 1, 12)",,881.1077812103647,894.0747692706033,True,3.953860287926646,4.895706752314182,4.552682936985868,OK
US,SARIMA,"(1, 1, 1)","(0, 1, 1, 12)",,880.7344058667243,896.9431409420225,True,3.9045993945096713,4.702307068665849,4.495251809985042,OK
US,SARIMA,"(2, 1, 1)","(0, 1, 1, 12)",,880.6425211811088,900.0930032714666,True,3.9568197931063915,4.84193497731652,4.555711931770993,OK
US,SARIMA,"(1, 1, 2)","(0, 1, 1, 12)",,876.966790083565,896.3854418605447,True,3.971579883557546,4.839968878147641,4.572406771611376,OK
US,SARIMA,"(0, 1, 1)","(1, 1, 0, 12)",,919.3233562698374,932.332449982024,True,3.690486926311516,4.71039056329336,4.245194934162995,OK
US,SARIMA,"(1, 1, 1)","(1, 1, 0, 12)",,910.3931960931048,926.6283164539072,True,3.7469305486497375,4.732962694885292,4.308360619707589,OK
US,SARIMA,"(2, 1, 1)","(1, 1, 0, 12)",,906.512590076708,925.9630721670658,True,3.7501024844926896,4.734749281866005,4.312593175580974,OK
US,SARIMA,"(1, 1, 1)","(1, 0, 1, 12)",,936.7938915778948,956.6137210262492,True,4.2014286195358235,5.124839710727092,4.818975886850383,OK
US,SARIMA,"(1, 1, 1)","(1, 1, 1, 12)",,882.7339341958518,902.1844162862096,True,3.9045636618475488,4.702181516366935,4.495210332684442,OK
US,SARIMAX,"(0, 1, 1)","(0, 0, 1, 12)",early_covid_shock+covid_period+covid_trend,989.516159122316,1012.6392934787295,True,4.6614639860582745,5.347842431983593,5.346839187894759,OK
US,SARIMAX,"(1, 1, 1)","(0, 0, 1, 12)",early_covid_shock+covid_period+covid_trend,990.163734458192,1016.5901737226646,True,4.79187912662728,5.391368919048858,5.4951309177088605,OK
US,SARIMAX,"(2, 1, 1)","(0, 0, 1, 12)",early_covid_shock+covid_period+covid_trend,991.9949375795916,1021.7246817521233,True,4.831209038328178,5.419786027773964,5.539495952021946,OK
US,SARIMAX,"(1, 1, 2)","(0, 0, 1, 12)",early_covid_shock+covid_period+covid_trend,987.7689387027535,1017.4537950016859,True,4.803214599870062,5.397821136828097,5.507981955883878,OK
US,SARIMAX,"(0, 1, 1)","(1, 0, 0, 12)",early_covid_shock+covid_period+covid_trend,970.9511137017837,994.1435555550762,True,4.141030359304751,5.080980844087557,4.762050322943037,OK
US,SARIMAX,"(1, 1, 1)","(1, 0, 0, 12)",early_covid_shock+covid_period+covid_trend,968.7288523212716,995.1949939004812,True,4.14050974513922,5.105554263430599,4.7609351087219665,OK
US,SARIMAX,"(2, 1, 1)","(1, 0, 0, 12)",early_covid_shock+covid_period+covid_trend,964.2723827882123,994.002126960744,True,4.1408760530843205,5.058137205680137,4.758835046312834,OK
US,SARIMAX,"(0, 1, 1)","(0, 1, 1, 12)",early_covid_shock+covid_period+covid_trend,882.5938102305543,905.2860393359717,True,3.6587827170660603,4.312138397189019,4.217713615846258,OK
US,SARIMAX,"(1, 1, 1)","(0, 1, 1, 12)",early_covid_shock+covid_period+covid_trend,882.1733157289076,908.1072918493848,True,3.6338521530705674,4.2651375495954635,4.185958450193125,OK
US,SARIMAX,"(2, 1, 1)","(0, 1, 1, 12)",early_covid_shock+covid_period+covid_trend,881.2747238629485,910.4504469984853,True,3.6743908113722408,4.291183349718476,4.232142839747341,OK
US,SARIMAX,"(1, 1, 2)","(0, 1, 1, 12)",early_covid_shock+covid_period+covid_trend,877.9804034257616,907.1083810912311,True,3.672198459314266,4.336913111521676,4.232042289013917,OK
US,SARIMAX,"(0, 1, 1)","(1, 1, 0, 12)",early_covid_shock+covid_period+covid_trend,921.5344241073511,944.3003381036775,True,3.563679213801307,4.4829734609363445,4.106172312266544,OK
US,SARIMAX,"(1, 1, 1)","(1, 1, 0, 12)",early_covid_shock+covid_period+covid_trend,912.3796086981288,938.3558012754127,True,3.562063825799325,4.4647822947144595,4.102566576497906,OK
US,SARIMAX,"(2, 1, 1)","(1, 1, 0, 12)",early_covid_shock+covid_period+covid_trend,908.0864766084815,937.2621997440183,True,3.5538772956611497,4.48738242193864,4.095355383445379,OK
US,SARIMAX,"(1, 1, 1)","(1, 0, 1, 12)",early_covid_shock+covid_period+covid_trend,937.2016995312505,966.9314437037822,True,3.5649598752797584,4.291002784514774,4.109968976939923,OK
US,SARIMAX,"(1, 1, 1)","(1, 1, 1, 12)",early_covid_shock+covid_period+covid_trend,884.1730244292826,913.3487475648194,True,3.6341340268894515,4.263065486829298,4.1860940011332,OK
